,Metrics,Mean non AL,Mean AL,t-test stat,p-value,p_adj,is_significant
0,AUC_LB,0.7629682543612826,,,,,False
1,AUC,0.8186087584549518,0.8354916276166329,-1.4469164008380417,0.16511146162898716,0.9906687697739229,False
2,AUC_UB,0.8742492625486212,,,,,False
3,Accuracy,0.7909090909090909,0.8130909090909091,-2.3224173099119487,0.0321341277652855,0.192804766591713,False
4,F1,0.5729326146732215,0.617110529652357,-1.8719989984827492,0.07754737437060487,0.4652842462236292,False
5,MCC,0.45567792008289104,0.5155646652657419,-2.3335861352137015,0.03141300192115842,0.18847801152695054,False
