,Metrics,Mean non AL,Mean AL,t-test stat,p-value,p_adj,is_significant
0,AUC_LB,0.770189602027274,0,,,,False
1,AUC,0.824554165305081,0.84943294879161,-4.01904849450744,0.000804947661855,0.004829685971131,True
2,AUC_UB,0.878918728582888,0,,,,False
3,Accuracy,0.789090909090909,0.824,-3.9694884942238,0.000898890993682,0.005393345962094,True
4,F1,0.56896105801926,0.639798829014739,-4.15660545013755,0.000592706009337,0.003556236056021,True
5,MCC,0.448363306225974,0.542042287281162,-4.54624012163022,0.000250159927802,0.001500959566811,True
