,Metrics,Mean non AL,Mean AL,t-test stat,p-value,p_adj,is_significant
0,AUC_LB,0.7406011354381394,0.773545165208158,-2.8314985047463503,0.011063179754882696,0.06637907852929617,False
1,AUC,0.7982953112402458,0.826439396959462,-2.8105489388816354,0.011572044386307146,0.06943226631784288,False
2,AUC_UB,0.855989487042352,0.8798002923288577,-2.822387552761906,0.011281782242418993,0.06769069345451396,False
3,Accuracy,0.7014545454545453,0.8109090909090908,-9.632034247293769,1.5852331657491344e-08,9.511398994494806e-08,True
4,F1,0.5850016112490812,0.5691055302808004,0.8119387950481499,0.4274343737940529,2.5646062427643175,False
5,MCC,0.3913853078994434,0.49539952833678724,-5.168749282585532,6.452832699508337e-05,0.00038716996197050025,True
