,Model name,Iteration,chi-squared,p-value
0,LGBM,0,26,0.30567741986311836
1,LGBM,1,25,0.009542211425865473
2,LGBM,2,15,0.49955983320251085
3,LGBM,3,16,0.16414940178310666
4,LGBM,4,17,0.006455803109956637
5,LGBM,5,18,0.8714146793645341
6,LGBM,6,8,0.004551384132355452
7,LGBM,7,26,0.20736789985685428
8,LGBM,8,8,0.035698138177394874
9,LGBM,9,16,0.9999999999999999
