,Metrics,Mean non AL,Mean AL,t-test stat,p-value,p_adj,is_significant
0,AUC_LB,0.7877289679387325,,,,,False
1,AUC,0.8601726726726726,0.8604307104307123,-0.2631177864285345,0.7954480095667815,4.772688057400689,False
2,AUC_UB,0.9326163774066126,,,,,False
3,Accuracy,0.875,0.8806906861254701,-0.9274200222550393,0.3659780563839362,2.195868338303617,False
4,F1_test,0.5818181818181818,0.5976417019074234,-2.4743547069880907,0.023527519156314496,0.14116511493788697,False
5,MCC_test,0.5529776244593212,0.5420309276747962,1.980429685825171,0.06314917080004445,0.3788950248002667,False
