,Metrics,Mean non AL,Mean AL,t-test stat,p-value,p_adj,is_significant
0,AUC_LB,0.7032582552387957,0.7337415330590387,-7.544883623619666,5.585932726425652e-07,4.468746181140522e-06,True
1,AUC,0.7682459066100666,0.7941546824915531,-7.408504233154851,7.188664792330887e-07,5.75093183386471e-06,True
2,AUC_UB,0.8332335579813375,0.8552074550077574,-7.327245213137005,8.364495324367373e-07,6.691596259493899e-06,True
3,Accuracy,0.5484732824427481,0.7515594329334786,-27.40276683638367,3.9578959317196207e-16,3.1663167453756965e-15,True
4,F1_test,0.5010845098743782,0.5388832364000958,-8.408400358992763,1.1973867295428454e-07,9.579093836342763e-07,True
5,MCC_test,0.2823664298043136,0.35521479632392944,-7.4381011350065105,6.804262210403941e-07,5.4434097683231525e-06,True
6,F1_external,0.6344121954347188,0.6027641223371838,0.7368438964689413,0.47071309558914187,3.765704764713135,False
7,MCC_external,0.3122461507278036,0.31539637753721667,-0.20563216114660776,0.8393859687898301,6.715087750318641,False
