,Model name,Iteration,chi-squared,p-value
0,LGBM,0,50,0.9999999999999992
1,LGBM,1,52,4.416500802515497e-06
2,LGBM,2,25,0.029493493531317305
3,LGBM,3,49,4.8291407904331245e-05
4,LGBM,4,31,6.596332626923024e-05
5,LGBM,5,43,0.014087495523758056
6,LGBM,6,48,0.0002507322053106201
7,LGBM,7,41,0.048233652170997024
8,LGBM,8,53,0.012604512869782366
9,LGBM,9,50,2.3882134470982457e-06
