,Model name,Iteration,chi-squared,p-value
0,LGBM,0,44,0.6785320136533246
1,LGBM,1,26,0.04139142867391543
2,LGBM,2,16,0.007787436305743515
3,LGBM,3,29,0.050452410247217624
4,LGBM,4,34,0.8125886494061615
5,LGBM,5,24,0.00462629392189551
6,LGBM,6,19,0.0005216127568115159
7,LGBM,7,35,0.9062943247030808
8,LGBM,8,36,0.731008882222605
9,LGBM,9,22,0.11116111910399346
