,Metrics,Mean non AL,Mean AL,t-test stat,p-value,p_adj,is_significant
0,AUC_LB,0.7304043938055609,0.7689003800892625,-2.775890868359013,0.012463645672238448,0.07478187403343069,False
1,AUC,0.7892213855671608,0.8222714029758336,-2.7483841374640385,0.013217828450906329,0.07930697070543798,False
2,AUC_UB,0.8480383773287608,0.8758042756444915,-2.716352353688766,0.014151194906240804,0.08490716943744482,False
3,Accuracy,0.7785454545454544,0.8032727272727274,-3.292893480306065,0.004044244295440198,0.024265465772641187,True
4,F1,0.4775137626610618,0.570154924143271,-4.712304619906347,0.00017370479485555765,0.0010422287691333458,True
5,MCC,0.42942899841257925,0.5040739265972813,-3.780445080460479,0.0013697980888159964,0.008218788532895979,True
