,Metrics,Mean non AL,Mean AL,t-test stat,p-value,p_adj,is_significant
0,AUC_LB,0.7244002709739765,0.7633748477216151,-2.651857902482303,0.016225045378608787,0.09735027227165272,False
1,AUC,0.7849848564294837,0.8176157986643517,-2.5142006264199157,0.021658616995888415,0.12995170197533049,False
2,AUC_UB,0.8455694418849908,0.8721288414104137,-2.340625818899413,0.030966239178625992,0.18579743507175595,False
3,Accuracy,0.7879999999999999,0.8050909090909091,-2.0383471083623887,0.05648279680234428,0.3388967808140657,False
4,F1,0.48808974208650663,0.5521224242777192,-3.2057831180871403,0.004899793070246058,0.029398758421476344,True
5,MCC,0.4223456392037946,0.4781586640288823,-2.599116390765603,0.018133024246977516,0.10879814548186509,False
