,Metrics,Mean non AL,Mean AL,t-test stat,p-value,p_adj,is_significant
0,AUC_LB,0.7199252350819649,0.7533963243453118,-2.736723753489554,0.013550562362290035,0.08130337417374021,False
1,AUC,0.780749114893623,0.8091074032681155,-2.5727329852348766,0.01916561037883944,0.11499366227303663,False
2,AUC_UB,0.8415729947052808,0.8653717394792195,-2.4222249552445554,0.026202093492698326,0.15721256095618996,False
3,Accuracy,0.7887272727272727,0.8076363636363636,-1.900461583337519,0.07351043963065299,0.4410626377839179,False
4,F1,0.47908300116024155,0.547757768357549,-4.2948070216645995,0.00043608933611039735,0.002616536016662384,True
5,MCC,0.4191982508899855,0.4819285670019166,-4.513540075168104,0.0002688510888229323,0.0016131065329375938,True
