,Metrics,Mean non AL,Mean AL,t-test stat,p-value,p_adj,is_significant
0,AUC_LB,0.7106047166345,0.70719664828058,0.246514678516811,0.808073249345522,4.04036624672761,FALSE
1,AUC,0.773212664094843,0.772309470469773,0.070556948870644,0.944528375697888,4.72264187848944,FALSE
2,AUC_UB,0.835820611555187,0.837422292658966,-0.134122233696713,0.894794170775555,4.47397085387778,FALSE
3,Accuracy,0.781090909090909,0.809454545454545,-2.35178848770656,0.030269921211911,0.151349606059554,FALSE
4,F1,0.454349594829017,0.558764551723779,-4.28960857709132,0.000441145268535,0.002205726342677,TRUE
5,MCC,0.39796968405507,0.494163460961808,-4.10797131526479,0.000660404998058,0.003302024990292,TRUE
