,Metrics,Mean non AL,Mean AL,t-test stat,p-value,p_adj,is_significant
0,AUC_LB,0.7367137181188081,0.7733463390297661,-2.1060838658110863,0.049496618724805826,0.29697971234883497,False
1,AUC,0.7969207805581328,0.8263762069539942,-1.9629761807168542,0.06529211614413356,0.3917526968648014,False
2,AUC_UB,0.8571278429974575,0.8802088450317583,-1.7975991817207044,0.08903718083159083,0.534223084989545,False
3,Accuracy,0.7952727272727274,0.8127272727272727,-1.8930987879889813,0.0745364679223687,0.4472188075342122,False
4,F1,0.5024589994987319,0.5706936456956418,-2.2586899264716114,0.03655115073716299,0.21930690442297793,False
5,MCC,0.44556448006232224,0.5018867502344289,-1.898062375770755,0.07384339284651269,0.4430603570790761,False
