,Metrics,Mean non AL,Mean AL,t-test stat,p-value,p_adj,is_significant
0,AUC_LB,0.704273863759903,0.666024807244022,3.33529007559288,0.003682760669727,0.029462085357813,True
1,AUC,0.779035285285285,0.752336711711712,2.87073897542914,0.010167404310164,0.081339234481309,False
2,AUC_UB,0.853796706810668,0.83927958549118,1.97035585151814,0.064378222438388,0.515025779507104,False
3,Accuracy,0.794021739130435,0.826009316770186,-5.54996048694875,2.8692295531871E-05,0.000229538364255,True
4,F1,0.386038370140225,0.378005738689282,0.372496273197376,0.713873076755679,5.71098461404544,False
5,MCC,0.273228501517404,0.313327013630898,-2.02121212630223,0.058385790593298,0.467086324746386,False
6,F1_external,0.455719431891395,0.179105356973004,8.36072335955868,1.30037326065311E-07,1.04029860852249E-06,True
7,MCC_external,0.216883132413724,0.110680709716493,2.64612978668923,0.01642262931597,0.131381034527759,False
