,Metrics,Mean non AL,Mean AL,t-test stat,p-value,p_adj,is_significant
0,AUC_LB,0.7064157760105807,0.7599937406417171,-5.058256041973417,8.185744383775073e-05,0.0004911446630265044,True
1,AUC,0.7686038958343049,0.8148911468305726,-5.158689585551723,6.59376053429031e-05,0.0003956256320574186,True
2,AUC_UB,0.8307920156580293,0.8707734428275774,-5.2891918779747344,4.9862926998596e-05,0.00029917756199157597,True
3,Accuracy,0.7549090909090909,0.8098181818181818,-9.735746376409661,1.3464497979529772e-08,8.078698787717864e-08,True
4,F1,0.5316475586581264,0.5810983752830307,-3.1369037589660143,0.005699655388389885,0.03419793233033931,True
5,MCC,0.3714706801857977,0.4953698612461975,-7.852588309025474,3.1906754936303256e-07,1.9144052961781954e-06,True
