,Metrics,Mean non AL,Mean AL,t-test stat,p-value,p_adj,is_significant
0,AUC_LB,0.6671929319831913,0.7283703925760242,-15.752678160436814,5.666031818632346e-12,4.532825454905877e-11,True
1,AUC,0.7259445100354192,0.7804987591258462,-14.196875837450943,3.225214666647046e-11,2.580171733317637e-10,True
2,AUC_UB,0.7846960880876469,0.8328604976867414,-12.67730449930068,2.074671609175881e-10,1.6597372873407047e-09,True
3,Accuracy,0.5326470588235293,0.6206050420168067,-3.2072972884134043,0.004883505981747822,0.039068047853982574,True
4,F1_test,0.5142472838128104,0.5414820872843987,-5.210777349819643,5.8965883799465147e-05,0.00047172707039572117,True
5,MCC_test,0.2502445668272235,0.31847487273683295,-7.530626681638461,5.734524978021893e-07,4.587619982417514e-06,True
6,F1_external,0.6016526719761489,0.575950271262022,0.4508554021680484,0.6574777378456105,5.259821902764884,False
7,MCC_external,0.2333456488474217,0.24255067128189137,-0.21573712951230312,0.8316184430487567,6.652947544390053,False
