,Metrics,Mean non AL,Mean AL,t-test stat,p-value,p_adj,is_significant
0,AUC_LB,0.667192931983191,0.728370392576024,-15.7526781604368,5.66603181863235E-12,4.53282545490588E-11,True
1,AUC,0.725944510035419,0.780498759125846,-14.1968758374509,3.22521466664705E-11,2.58017173331764E-10,True
2,AUC_UB,0.784696088087647,0.832860497686741,-12.6773044993007,2.07467160917588E-10,1.6597372873407E-09,True
3,Accuracy,0.532647058823529,0.620605042016807,-3.2072972884134,0.004883505981748,0.039068047853983,True
4,F1,0.51424728381281,0.541482087284399,-5.21077734981964,5.89658837994651E-05,0.000471727070396,True
5,MCC,0.250244566827224,0.318474872736833,-7.53062668163846,5.73452497802189E-07,4.58761998241751E-06,True
6,F1_external,0.601652671976149,0.575950271262022,0.450855402168048,0.657477737845611,5.25982190276488,False
7,MCC_external,0.233345648847422,0.242550671281891,-0.215737129512303,0.831618443048757,6.65294754439005,False
