,Metrics,Mean non AL,Mean AL,t-test stat,p-value,p_adj,is_significant
0,AUC_LB,0.6147230660277183,0.6515231251176112,-5.071783885358301,7.950252361617769e-05,0.0006360201889294215,True
1,AUC,0.706981981981982,0.7409287859287857,-5.1731099486972205,6.392704261840784e-05,0.0005114163409472627,True
2,AUC_UB,0.7992408979362455,0.8319056206143427,-5.219920199768888,5.782225136428253e-05,0.0004625780109142602,True
3,Accuracy,0.7956521739130434,0.8265838509316769,-9.135906058818671,3.521442701517362e-08,2.81715416121389e-07,True
4,F1_test,0.23968517955257945,0.3811136463175317,-7.488837614407624,6.194207328542534e-07,4.955365862834027e-06,True
5,MCC_test,0.17315166089160336,0.32498012889804506,-7.936529421459559,2.744606209763114e-07,2.1956849678104913e-06,True
6,F1_external,0.11211558865970632,0.1271777650454121,-0.46924692094027565,0.6445269792007783,5.156215833606226,False
7,MCC_external,0.1286643956550348,0.10979114575554998,0.3811862711603739,0.7075269697241833,5.660215757793466,False
