,Metrics,Mean non AL,Mean AL,t-test stat,p-value,p_adj,is_significant
0,AUC_LB,0.7037639818075438,0.6679787899477037,3.214401780666003,0.004807792479322585,0.02884675487593551,True
1,AUC,0.7789320570570571,0.7533652402402401,2.7101545276174073,0.014338927852538907,0.08603356711523344,False
2,AUC_UB,0.8541001323065702,0.841815016204712,1.603047700841181,0.12632667673667913,0.7579600604200748,False
3,Accuracy,0.7907608695652173,0.8267701863354036,-5.8091116750063705,1.6700197341906945e-05,0.00010020118405144166,True
4,F1_test,0.36444641160775754,0.40761749877032216,-1.759860068627235,0.0954152054138896,0.5724912324833377,False
5,MCC_test,0.251857547893446,0.32835466216291254,-3.291771101044542,0.004054273426285113,0.02432564055771068,True
