,Metrics,Mean non AL,Mean AL,t-test stat,p-value,p_adj,is_significant
0,AUC_LB,0.7410002771063543,0.7716962299167794,-3.6081579311352585,0.002010380866298536,0.012062285197791216,True
1,AUC,0.7816493087748022,0.8098946756564132,-3.6479574316616232,0.001839981329345066,0.011039887976070396,True
2,AUC_UB,0.8222983404432499,0.8481495989593736,-3.707595088878738,0.001611172902785149,0.009667037416710895,True
3,Accuracy,0.7245579567779961,0.762278978388998,-6.256436044374457,6.694202742342936e-06,4.016521645405762e-05,True
4,F1,0.7991945347341108,0.8237763814255242,-4.735924121259122,0.00016495179114309628,0.0009897107468585776,True
5,MCC,0.3968840926225313,0.48520477953984376,-7.265093755022841,9.397709864846685e-07,5.638625918908012e-06,True
