,Metrics,Mean non AL,Mean AL,t-test stat,p-value,p_adj,is_significant
0,AUC_LB,0.6412069529653999,0.697019268723162,-12.299905195398788,3.3881328193675073e-10,2.0328796916205045e-09,True
1,AUC,0.7099213171118752,0.759084898175086,-13.295959303346027,9.520206853413788e-11,5.712124112048273e-10,True
2,AUC_UB,0.7786356812583505,0.821916492836585,-13.842735253661804,4.9010090736117553e-11,2.9406054441670533e-10,True
3,Accuracy,0.7403636363636363,0.7763636363636364,-14.339295122682426,2.7324533790929162e-11,1.6394720274557497e-10,True
4,F1,0.3564594301737859,0.4981990930665832,-14.991386186591908,1.3014730604589181e-11,7.808838362753508e-11,True
5,MCC,0.24772978311943,0.3748043352824367,-16.787344856183033,1.9324820263782867e-12,1.159489215826972e-11,True
