,Metrics,Mean non AL,Mean AL,t-test stat,p-value,p_adj,is_significant
0,AUC_LB,0.7195918997150221,0.7600511435522078,-4.0050005887543545,0.0008305279566736642,0.004983167740041985,True
1,AUC,0.7802959694056003,0.8153148521606919,-3.9977561728918194,0.0008440368678588423,0.005064221207153054,True
2,AUC_UB,0.8410000390961787,0.870692842583477,-3.942277936913326,0.0009550690650325762,0.005730414390195457,True
3,Accuracy,0.6563636363636364,0.8058181818181819,-7.177708723865403,1.1079613818010666e-06,6.647768290806399e-06,True
4,F1,0.5675243993171943,0.5655321036410794,0.15947210358138036,0.8750727290293883,5.25043637417633,False
5,MCC,0.34515212543172197,0.4973695457368793,-7.042667720385632,1.431876799771389e-06,8.591260798628334e-06,True
