,Metrics,Mean non AL,Mean AL,t-test stat,p-value,p_adj,is_significant
0,AUC_LB,0.6080132363617861,0.6657331809728184,-6.002925328304192,1.1202658918188398e-05,6.721595350913039e-05,True
1,AUC,0.7013795045045045,0.7534279815529814,-6.180417299318802,7.804956231386491e-06,4.6829737388318946e-05,True
2,AUC_UB,0.794745772647223,0.8431041342274022,-6.8706775092760255,1.9921362343904846e-06,1.1952817406342908e-05,True
3,Accuracy,0.7945652173913044,0.8250077639751551,-11.669958711466553,7.895888580208663e-10,4.737533148125198e-09,True
4,F1_test,0.21469494384247687,0.39347483614050216,-11.409886209739593,1.1314627669782866e-09,6.78877660186972e-09,True
5,MCC_test,0.15384573647867283,0.3159624887620834,-10.423190726278825,4.701712916956176e-09,2.8210277501737056e-08,True
