,Metrics,Mean non AL,Mean AL,t-test stat,p-value,p_adj,is_significant
0,AUC_LB,0.703258255238796,0.733741533059039,-7.54488362361967,5.58593272642565E-07,4.46874618114052E-06,True
1,AUC,0.768245906610067,0.794154682491553,-7.40850423315485,7.18866479233089E-07,5.75093183386471E-06,True
2,AUC_UB,0.833233557981338,0.855207455007757,-7.32724521313701,8.36449532436737E-07,6.6915962594939E-06,True
3,Accuracy,0.548473282442748,0.751559432933479,-27.4027668363837,3.95789593171962E-16,3.1663167453757E-15,True
4,F1,0.501084509874378,0.538883236400096,-8.40840035899276,1.19738672954285E-07,9.57909383634276E-07,True
5,MCC,0.282366429804314,0.355214796323929,-7.43810113500651,6.80426221040394E-07,5.44340976832315E-06,True
6,F1_external,0.634412195434719,0.602764122337184,0.736843896468941,0.470713095589142,3.76570476471313,False
7,MCC_external,0.312246150727804,0.315396377537217,-0.205632161146608,0.83938596878983,6.71508775031864,False
