,Metrics,Mean non AL,Mean AL,t-test stat,p-value,p_adj,is_significant
0,AUC_LB,0.6632565154061736,0.7283804897584949,-18.75764964493411,2.9055779240706603e-13,2.3244623392565282e-12,True
1,AUC,0.7238868274582559,0.7809428234103556,-17.981690341010292,5.992274997581955e-13,4.793819998065564e-12,True
2,AUC_UB,0.7845171395103384,0.8337164193645641,-16.862694409112947,1.790998280373951e-12,1.4327986242991609e-11,True
3,Accuracy,0.6808823529411765,0.6457058823529411,1.143082124287458,0.2679807187452329,2.143845749961863,False
4,F1_test,0.5196695138782067,0.5406981614834976,-2.86656606859639,0.01025923487769044,0.08207387902152352,False
5,MCC_test,0.29290208980337096,0.3145838973407218,-1.9789844046079175,0.06332419994143379,0.5065935995314703,False
6,F1_external,0.4772110567465611,0.6222975897770419,-3.795918375835335,0.0013233724982676107,0.010586979986140886,True
7,MCC_external,0.1777367811453723,0.2904581262110034,-3.4147646889711116,0.0030888159061702985,0.024710527249362388,True
