,Metrics,Mean non AL,Mean AL,t-test stat,p-value,p_adj,is_significant
0,AUC_LB,0.7048657442080732,0.7535243496950688,-4.069654011328035,0.0007191825704126665,0.004315095422475999,True
1,AUC,0.7668661830631341,0.8098080546723632,-3.9817203447762597,0.0008747289205206009,0.005248373523123606,True
2,AUC_UB,0.8288666219181954,0.8662941021440334,-3.8438641221554652,0.0011892647639622932,0.0071355885837737585,True
3,Accuracy,0.7516363636363637,0.8054545454545454,-5.663523307776576,2.2611374261886728e-05,0.00013566824557132036,True
4,F1,0.5337061261400444,0.5664689082801341,-1.9229073313678424,0.07045945615674407,0.4227567369404644,False
5,MCC,0.37006146980851634,0.49254760601231673,-5.799121716145872,1.704964979933507e-05,0.00010229789879601041,True
