,Model name,Iteration,chi-squared,p-value
0,LGBM,0,52,0.011951543889931044
1,LGBM,1,35,0.022018588373923304
2,LGBM,2,49,0.0010910236162357517
3,LGBM,3,42,0.09183767826908244
4,LGBM,4,36,0.0002718177522028417
5,LGBM,5,41,1.151588945489327e-05
6,LGBM,6,19,0.05343881053771099
7,LGBM,7,31,0.03524144017874751
8,LGBM,8,37,0.0007689850065829602
9,LGBM,9,22,0.4798876616983277
