,Model name,Iteration,chi-squared,p-value
0,LGBM,0,57,0.00026347703381100426
1,LGBM,1,38,0.3856694201192798
2,LGBM,2,38,0.03336002889694202
3,LGBM,3,40,0.06990057369494636
4,LGBM,4,45,0.6100682661051772
5,LGBM,5,58,0.0021681266074654398
6,LGBM,6,61,0.012237048519511289
7,LGBM,7,52,0.17064521313035164
8,LGBM,8,46,0.005161224901988029
9,LGBM,9,44,0.03630649114131785
