,Model name,Iteration,chi-squared,p-value
0,LGBM,0,3,0.035156250000000014
1,LGBM,1,9,1.0
2,LGBM,2,9,0.8238029479980463
3,LGBM,3,18,0.007508175534150198
4,LGBM,4,21,0.06273668035582843
5,LGBM,5,11,0.34492845088243484
6,LGBM,6,17,0.5223973804968403
7,LGBM,7,14,0.18774155899882303
8,LGBM,8,11,0.34492845088243484
9,LGBM,9,21,0.21160856876151615
