,Metrics,Mean non AL,Mean AL,t-test stat,p-value,p_adj,is_significant
0,AUC_LB,0.7223937040818758,0.761746433644382,-2.5794224358988664,0.018898649850263585,0.11339189910158151,False
1,AUC,0.7837403723565706,0.8175503133433116,-2.500757363829923,0.0222729271935141,0.1336375631610846,False
2,AUC_UB,0.8450870406312653,0.8734111061831529,-2.402953044347429,0.027261100596348065,0.1635666035780884,False
3,Accuracy,0.7898181818181819,0.8127272727272727,-3.438637868006594,0.0029296307042796167,0.0175777842256777,True
4,F1,0.4801070720179109,0.5713336230816181,-3.8502745636843527,0.0011723954511513766,0.00703437270690826,True
5,MCC,0.42783530411561504,0.5014377346535359,-2.878258196742108,0.01000393115567568,0.060023586934054074,False
