,Metrics,Mean non AL,Mean AL,t-test stat,p-value,p_adj,is_significant
0,AUC_LB,0.7877289679387325,,,,,False
1,AUC,0.8601726726726726,0.8641607679107677,-2.100652496178913,0.050026413344827936,0.3001584800689676,False
2,AUC_UB,0.9326163774066126,,,,,False
3,Accuracy,0.875,0.8807608695652173,-3.5318386914163775,0.0023821669908048342,0.014293001944829006,True
4,F1_test,0.5818181818181818,0.6298529296498068,-6.94649820213979,1.7213974424886323e-06,1.0328384654931794e-05,True
5,MCC_test,0.5529776244593212,0.582026982424438,-4.373239395251094,0.00036653542274812045,0.0021992125364887227,True
