,Model name,Iteration,chi-squared,p-value
0,LGBM,0,46,0.013376326728236718
1,LGBM,1,41,0.005890172980413255
2,LGBM,2,53,0.052323533223918514
3,LGBM,3,60,0.3823543213561351
4,LGBM,4,47,5.1035111017552e-05
5,LGBM,5,74,1.0
6,LGBM,6,34,0.6399729317539424
7,LGBM,7,66,5.671438564966063e-06
8,LGBM,8,48,0.00014076286839269196
9,LGBM,9,28,0.002985323184447231
