,Model name,Iteration,chi-squared,p-value
0,LGBM,0,42,0.40692436804613424
1,LGBM,1,29,0.10064367752023573
2,LGBM,2,30,0.0015165131944572222
3,LGBM,3,21,7.505332324620723e-06
4,LGBM,4,31,0.08878242522207994
5,LGBM,5,26,0.001220382068677551
6,LGBM,6,26,0.00010992624937112805
7,LGBM,7,38,0.1417933745447473
8,LGBM,8,26,0.004334880883507412
9,LGBM,9,32,0.022982591907157065
