,Metrics,Mean non AL,Mean AL,t-test stat,p-value,p_adj,is_significant
0,AUC_LB,0.6881699583808122,0.7352451498214727,-10.392376280451161,4.9234045765635335e-09,2.95404274593812e-08,True
1,AUC,0.7545823226197694,0.7965822359871781,-10.220318545216308,6.379591350943906e-09,3.827754810566344e-08,True
2,AUC_UB,0.8209946868587268,0.8581610082979981,-9.919626506812198,1.0110433775579213e-08,6.066260265347528e-08,True
3,Accuracy,0.5751908396946566,0.7607251908396945,-28.00909662816783,2.6921855835400477e-16,1.6153113501240286e-15,True
4,F1_test,0.5047748955171425,0.539682114763917,-7.1190451957002825,1.2381634220004677e-06,7.428980532002807e-06,True
5,MCC_test,0.28471196853753655,0.35166164972187614,-7.1604950741613,1.1446233633156864e-06,6.867740179894118e-06,True
