,Metrics,Mean non AL,Mean AL,t-test stat,p-value,p_adj,is_significant
0,AUC_LB,0.5223881806172416,0.5508565723734095,,,,False
1,AUC,0.5709064196746969,0.6022610236115042,-2.7213427308762035,0.014001745876600195,0.08401047525960118,False
2,AUC_UB,0.6194246587321522,0.6506410232107411,,,,False
3,Accuracy,0.7087272727272728,0.7407272727272728,-3.4635053329033463,0.002772434352837484,0.016634606117024903,True
4,F1,0.3118333482946951,0.3894614553067809,-2.423049940808433,0.026157631228470785,0.1569457873708247,False
5,MCC,0.19611759344243446,0.3072839283793235,-4.7097033872285365,0.0001746972103278912,0.0010481832619673472,True
