,Metrics,Mean non AL,Mean AL,t-test stat,p-value,p_adj,is_significant
0,AUC_LB,0.7415289025935531,0.7720475949796732,,,,False
1,AUC,0.7993434119003912,0.8220893724535149,-1.4810062856259392,0.155897779963677,0.935386679782062,False
2,AUC_UB,0.8571579212072289,0.8804160965618939,,,,False
3,Accuracy,0.7738181818181818,0.808,-2.9160627098834206,0.009219739833005948,0.05531843899803569,False
4,F1,0.5370792078669668,0.601463314787246,-3.0416219133781928,0.007019530205949485,0.04211718123569691,True
5,MCC,0.4054832079319716,0.4985859081267944,-3.3641774806884532,0.0034548761573751103,0.020729256944250662,True
