,Model name,Iteration,chi-squared,p-value
0,LGBM,0,27,0.0035963477188240673
1,LGBM,1,22,9.811984308900493e-06
2,LGBM,2,33,0.0021515530879250245
3,LGBM,3,45,0.14478233933005022
4,LGBM,4,25,0.0027990538772776265
5,LGBM,5,26,0.007905180027859778
6,LGBM,6,44,0.1674443344120588
7,LGBM,7,51,0.1013676535330924
8,LGBM,8,44,0.14095628821230857
9,LGBM,9,34,0.01602027478889996
