,Metrics,Mean non AL,Mean AL,t-test stat,p-value,p_adj,is_significant
0,AUC_LB,0.7042738637599029,0.6660248072440222,3.335290075592877,0.0036827606697266524,0.02946208535781322,True
1,AUC,0.7790352852852853,0.7523367117117117,2.870738975429145,0.010167404310163596,0.08133923448130877,False
2,AUC_UB,0.8537967068106678,0.83927958549118,1.970355851518143,0.06437822243838799,0.5150257795071039,False
3,Accuracy,0.7940217391304347,0.8260093167701863,-5.5499604869487476,2.8692295531870988e-05,0.0002295383642549679,True
4,F1_test,0.38603837014022535,0.37800573868928183,0.37249627319737577,0.7138730767556793,5.710984614045435,False
5,MCC_test,0.27322850151740413,0.31332701363089766,-2.0212121263022302,0.05838579059329827,0.4670863247463862,False
6,F1_external,0.45571943189139497,0.17910535697300403,8.360723359558676,1.300373260653108e-07,1.0402986085224864e-06,True
7,MCC_external,0.21688313241372445,0.11068070971649298,2.646129786689233,0.016422629315969897,0.13138103452775918,False
