,Metrics,Mean non AL,Mean AL,t-test stat,p-value,p_adj,is_significant
0,AUC_LB,0.7119434119078107,0.6706255775570396,4.363582151760862,0.0003744549480820065,0.002246729688492039,True
1,AUC,0.7846846846846847,0.75763299013299,3.5619186885946457,0.0022281202546055087,0.013368721527633052,True
2,AUC_UB,0.8574259574615585,0.8454619952431859,2.0099476348148255,0.05966807935433704,0.3580084761260222,False
3,Accuracy,0.7896739130434783,0.8311024844720494,-7.861178404997114,3.141746721697161e-07,1.8850480330182966e-06,True
4,F1_test,0.36829294690606457,0.38845201644528743,-0.9888397740504207,0.33584854953161913,2.0150912971897146,False
5,MCC_test,0.253781543016573,0.334714202628135,-3.7863080561943168,0.0013520186825515135,0.008112112095309081,True
