,Metrics,Mean non AL,Mean AL,t-test stat,p-value,p_adj,is_significant
0,AUC_LB,0.6696516896046909,0.7324428442839935,-10.85452905241978,2.4925304459953155e-09,1.9940243567962524e-08,True
1,AUC,0.7280464665204924,0.7846455075536706,-10.853225296721163,2.497245064319891e-09,1.9977960514559127e-08,True
2,AUC_UB,0.786441243436294,0.8371006396497446,-10.887461640022021,2.376481631610697e-09,1.9011853052885575e-08,True
3,Accuracy,0.5361764705882353,0.6440252100840335,-3.520670136435937,0.0024420127203003575,0.01953610176240286,True
4,F1_test,0.5140170855905883,0.5450137088688487,-3.9732347050783616,0.0008914206735844806,0.007131365388675845,True
5,MCC_test,0.2496014323796652,0.3236924356888368,-5.703194205920413,2.0813894253938344e-05,0.00016651115403150675,True
6,F1_external,0.6335314191874875,0.6055412399464107,0.8903739949415495,0.3850115140494178,3.0800921123953424,False
7,MCC_external,0.2839998729974277,0.2855985551718862,-0.05538644251995134,0.956440745474709,7.651525963797672,False
