,Model name,Iteration,chi-squared,p-value
0,LGBM,0,14,0.08069046775199244
1,LGBM,1,8,0.10775214433670036
2,LGBM,2,10,0.13604594767093656
3,LGBM,3,6,0.6072387695312501
4,LGBM,4,9,0.08715855330228804
5,LGBM,5,10,0.831811904907225
6,LGBM,6,13,0.03847730828420024
7,LGBM,7,15,0.7283324808813629
8,LGBM,8,10,0.0707555459812284
9,LGBM,9,7,0.012540951371192932
