,Metrics,Mean non AL,Mean AL,t-test stat,p-value,p_adj,is_significant
0,AUC_LB,0.7510362852843412,,,,,False
1,AUC,0.8193549263236808,0.7362950754699726,5.234350235227968,5.6063258964499125e-05,0.00033637955378699476,True
2,AUC_UB,0.8876735673630203,,,,,False
3,Accuracy,0.7956521739130434,0.7571360778260219,3.2593658247623525,0.004354609069759164,0.026127654418554986,True
4,F1_test,0.5573006828896695,0.4729635702635928,2.010490405801065,0.05960571691835372,0.3576343015101223,False
5,MCC_test,0.45016896621765473,0.3335273771225558,2.6887034974040187,0.015007223994646669,0.09004334396788001,False
