,Metrics,Mean non AL,Mean AL,t-test stat,p-value,p_adj,is_significant
0,AUC_LB,0.7298204575640348,0.7608347701168652,-3.4820819101783984,0.002660475290750129,0.015962851744500774,True
1,AUC,0.7753974868798597,0.8037313784602309,-3.470989896419406,0.0027267758594303635,0.01636065515658218,True
2,AUC_UB,0.8209745161956846,0.846649186104157,-3.456478888896789,0.002815985846834559,0.016895915081007355,True
3,Accuracy,0.6943877551020408,0.7441326530612246,-5.409020421811167,3.8642545153256136e-05,0.0002318552709195368,True
4,F1,0.6947479443278002,0.7492069690395902,-5.217179038368331,5.816272649919649e-05,0.00034897635899517894,True
5,MCC,0.3896027167701989,0.4890827238952635,-5.516957631185158,3.075755299797971e-05,0.00018454531798787826,True
