,Metrics,Mean non AL,Mean AL,t-test stat,p-value,p_adj,is_significant
0,AUC_LB,0.669651689604691,0.732442844283993,-10.8545290524198,2.49253044599532E-09,1.99402435679625E-08,True
1,AUC,0.728046466520492,0.784645507553671,-10.8532252967212,2.49724506431989E-09,1.99779605145591E-08,True
2,AUC_UB,0.786441243436294,0.837100639649745,-10.887461640022,2.3764816316107E-09,1.90118530528856E-08,True
3,Accuracy,0.536176470588235,0.644025210084033,-3.52067013643594,0.0024420127203,0.019536101762403,True
4,F1,0.514017085590588,0.545013708868849,-3.97323470507836,0.000891420673584,0.007131365388676,True
5,MCC,0.249601432379665,0.323692435688837,-5.70319420592041,2.08138942539383E-05,0.000166511154032,True
6,F1_external,0.633531419187487,0.605541239946411,0.890373994941549,0.385011514049418,3.08009211239534,False
7,MCC_external,0.283999872997428,0.285598555171886,-0.055386442519951,0.956440745474709,7.65152596379767,False
