,Metrics,Mean non AL,Mean AL,t-test stat,p-value,p_adj,is_significant
0,AUC_LB,0.687971573824537,0.727964465270395,-6.47383202822641,4.33387423028314E-06,3.46709938422652E-05,True
1,AUC,0.744663939956148,0.780069994940125,-6.35938375697058,5.44427756860084E-06,4.35542205488067E-05,True
2,AUC_UB,0.801356306087758,0.832297914878343,-6.21740003234865,7.24258557846938E-06,5.7940684627755E-05,True
3,Accuracy,0.619117647058824,0.604134453781513,0.659556098561886,0.517889235342303,4.14311388273842,False
4,F1,0.538618183993586,0.537750130078634,0.18946951041602,0.851844978946526,6.81475983157221,False
5,MCC,0.29900850984166,0.312908755205547,-1.87103522010575,0.077687435484041,0.62149948387233,False
6,F1_external,0.555041935042831,0.670895069108871,-5.48044184101085,3.32212933030004E-05,0.000265770346424,True
7,MCC_external,0.15478018459665,0.328743177884461,-4.69825274971383,0.00017913483882,0.001433078710558,True
