,Metrics,Mean non AL,Mean AL,t-test stat,p-value,p_adj,is_significant
0,AUC_LB,0.6879715738245372,0.7279644652703954,-6.473832028226407,4.3338742302831445e-06,3.4670993842265156e-05,True
1,AUC,0.7446639399561479,0.7800699949401246,-6.359383756970578,5.44427756860084e-06,4.355422054880672e-05,True
2,AUC_UB,0.8013563060877582,0.8322979148783425,-6.217400032348645,7.242585578469375e-06,5.7940684627755e-05,True
3,Accuracy,0.6191176470588236,0.6041344537815125,0.6595560985618859,0.5178892353423029,4.143113882738423,False
4,F1_test,0.5386181839935864,0.5377501300786343,0.18946951041602034,0.8518449789465263,6.814759831572211,False
5,MCC_test,0.29900850984166005,0.312908755205547,-1.871035220105746,0.0776874354840412,0.6214994838723296,False
6,F1_external,0.5550419350428313,0.6708950691088706,-5.480441841010855,3.3221293303000376e-05,0.000265770346424003,True
7,MCC_external,0.15478018459664997,0.32874317788446106,-4.69825274971383,0.00017913483881973685,0.0014330787105578948,True
