,Metrics,Mean non AL,Mean AL,t-test stat,p-value,p_adj,is_significant
0,AUC_LB,0.663256515406174,0.728380489758495,-18.7576496449341,2.90557792407066E-13,2.32446233925653E-12,True
1,AUC,0.723886827458256,0.780942823410356,-17.9816903410103,5.99227499758196E-13,4.79381999806556E-12,True
2,AUC_UB,0.784517139510338,0.833716419364564,-16.8626944091129,1.79099828037395E-12,1.43279862429916E-11,True
3,Accuracy,0.680882352941176,0.645705882352941,1.14308212428746,0.267980718745233,2.14384574996186,False
4,F1,0.519669513878207,0.540698161483498,-2.86656606859639,0.010259234877691,0.082073879021524,False
5,MCC,0.292902089803371,0.314583897340722,-1.97898440460792,0.063324199941434,0.50659359953147,False
6,F1_external,0.477211056746561,0.622297589777042,-3.79591837583534,0.001323372498268,0.010586979986141,True
7,MCC_external,0.177736781145372,0.290458126211003,-3.41476468897111,0.00308881590617,0.024710527249362,True
