,Metrics,Mean non AL,Mean AL,t-test stat,p-value,p_adj,is_significant
0,AUC_LB,0.6798701037530288,0.7302531343504867,-10.114949795240248,7.488302501450006e-09,5.990642001160005e-08,True
1,AUC,0.7480215281989084,0.7914846660313608,-9.51992816266294,1.893793563370368e-08,1.5150348506962943e-07,True
2,AUC_UB,0.8161729526447881,0.8533744077737759,-8.840378573399455,5.744087758679666e-08,4.595270206943733e-07,True
3,Accuracy,0.5763358778625954,0.7464776444929115,-12.747804190480407,1.895512136294099e-10,1.5164097090352792e-09,True
4,F1_test,0.5022864953591624,0.5423014397805369,-9.174130407115898,3.308022885744655e-08,2.646418308595724e-07,True
5,MCC_test,0.2794544389498895,0.3617592812888426,-8.994861949836094,4.4418791647172934e-08,3.553503331773835e-07,True
6,F1_external,0.6324274017650455,0.6460558604888209,-0.5271588782432106,0.6045203927412343,4.836163141929874,False
7,MCC_external,0.3302554391749601,0.3672638895242102,-1.632367133029691,0.1199727517097815,0.959782013678252,False
