,Metrics,Mean non AL,Mean AL,t-test stat,p-value,p_adj,is_significant
0,AUC_LB,0.7264695571803484,0.7542979505037204,-4.212706174956163,0.0005232410120228476,0.0031394460721370855,True
1,AUC,0.7724340497732183,0.797903925257789,-4.239992330391517,0.0004924815368078838,0.0029548892208473027,True
2,AUC_UB,0.818398542366088,0.841524205020769,-4.267958781428377,0.00046284605646084435,0.002777076338765066,True
3,Accuracy,0.7017857142857142,0.7408163265306122,-5.281447209678844,5.069407531527334e-05,0.00030416445189164004,True
4,F1,0.7059750993522083,0.7456267820649204,-4.769720073239005,0.0001532012868096306,0.0009192077208577836,True
5,MCC,0.40617670355626234,0.4835635459470272,-5.340913544761663,4.4658589892586524e-05,0.0002679515393555191,True
