,Metrics,Mean non AL,Mean AL,t-test stat,p-value,p_adj,is_significant
0,AUC_LB,0.7877289679387325,,,,,False
1,AUC,0.8601726726726726,0.8627174495924494,-1.1428164523550244,0.2680881665907654,1.6085289995445924,False
2,AUC_UB,0.9326163774066126,,,,,False
3,Accuracy,0.875,0.8767701863354034,-0.9475756697706528,0.35589440849441745,2.1353664509665045,False
4,F1_test,0.5818181818181818,0.6156100552371131,-5.768103741480692,1.818340590305667e-05,0.00010910043541834001,True
5,MCC_test,0.5529776244593212,0.5669448311873629,-2.174279229934487,0.043265882016181194,0.25959529209708715,False
