,Metrics,Mean non AL,Mean AL,t-test stat,p-value,p_adj,is_significant
0,AUC_LB,0.6077359119640044,0.6665665880131965,-6.962224084087766,1.6701906366919059e-06,1.3361525093535247e-05,True
1,AUC,0.6959459459459459,0.7536942299442299,-7.2000044037123345,1.0622789291676737e-06,8.49823143334139e-06,True
2,AUC_UB,0.7841559799278872,0.8423279781224027,-7.359654284632928,7.873236928745927e-07,6.2985895429967415e-06,True
3,Accuracy,0.4070652173913043,0.8248136645962731,-49.59897878352848,1.0474844431883006e-20,8.379875545506405e-20,True
4,F1_test,0.3869691368410747,0.37704606216067466,0.5848223685350796,0.5659265095821711,4.5274120766573684,False
5,MCC_test,0.21620626407731844,0.3132054424527672,-6.850902163028816,2.069762397211848e-06,1.6558099177694784e-05,True
6,F1_external,0.6130868177245855,0.14978335390100098,13.793115428488749,5.2006640113696656e-11,4.1605312090957325e-10,True
7,MCC_external,-0.08647183133388137,0.1189971573313138,,,,False
