,Metrics,Mean non AL,Mean AL,t-test stat,p-value,p_adj,is_significant
0,AUC_LB,0.607735911964004,0.666566588013196,-6.96222408408777,1.67019063669191E-06,1.33615250935352E-05,True
1,AUC,0.695945945945946,0.75369422994423,-7.20000440371233,1.06227892916767E-06,8.49823143334139E-06,True
2,AUC_UB,0.784155979927887,0.842327978122403,-7.35965428463293,7.87323692874593E-07,6.29858954299674E-06,True
3,Accuracy,0.407065217391304,0.824813664596273,-49.5989787835285,1.0474844431883E-20,8.37987554550641E-20,True
4,F1,0.386969136841075,0.377046062160675,0.58482236853508,0.565926509582171,4.52741207665737,False
5,MCC,0.216206264077318,0.313205442452767,-6.85090216302882,2.06976239721185E-06,1.65580991776948E-05,True
6,F1_external,0.613086817724586,0.149783353901001,13.7931154284888,5.20066401136967E-11,4.16053120909573E-10,True
7,MCC_external,-0.086471831333881,0.118997157331314,,,,False
