,Model name,Iteration,chi-squared,p-value
0,LGBM,0,88,0.6574989153777013
1,LGBM,1,48,0.06399591064679497
2,LGBM,2,75,0.144830969543739
3,LGBM,3,65,0.6682658523131799
4,LGBM,4,78,0.28431365797533314
5,LGBM,5,67,0.9317076151509958
6,LGBM,6,46,0.039750505126542594
7,LGBM,7,66,0.1230091063153475
8,LGBM,8,72,0.0031658092576942417
9,LGBM,9,105,0.8910428288987031
