,Metrics,Mean non AL,Mean AL,t-test stat,p-value,p_adj,is_significant
0,AUC_LB,0.614723066027718,0.651523125117611,-5.0717838853583,7.95025236161777E-05,0.000636020188929,True
1,AUC,0.706981981981982,0.740928785928786,-5.17310994869722,6.39270426184078E-05,0.000511416340947,True
2,AUC_UB,0.799240897936246,0.831905620614343,-5.21992019976889,5.78222513642825E-05,0.000462578010914,True
3,Accuracy,0.795652173913043,0.826583850931677,-9.13590605881867,3.52144270151736E-08,2.81715416121389E-07,True
4,F1,0.239685179552579,0.381113646317532,-7.48883761440762,6.19420732854253E-07,4.95536586283403E-06,True
5,MCC,0.173151660891603,0.324980128898045,-7.93652942145956,2.74460620976311E-07,2.19568496781049E-06,True
6,F1_external,0.112115588659706,0.127177765045412,-0.469246920940276,0.644526979200778,5.15621583360623,False
7,MCC_external,0.128664395655035,0.10979114575555,0.381186271160374,0.707526969724183,5.66021575779347,False
