,Model name,Iteration,chi-squared,p-value
0,LGBM,0,15,0.3240086000878365
1,LGBM,1,26,0.6888797607233398
2,LGBM,2,11,0.05761267291381961
3,LGBM,3,14,0.2429849540349096
4,LGBM,4,14,0.2429849540349096
5,LGBM,5,34,0.9999999999999993
6,LGBM,6,18,0.7492586247608415
7,LGBM,7,19,0.4513808323961254
8,LGBM,8,16,0.5113757815852297
9,LGBM,9,17,1.0
