,Metrics,Mean non AL,Mean AL,t-test stat,p-value,p_adj,is_significant
0,AUC_LB,0.7228157631706889,0.7591687335366861,-3.2394018594358065,0.004550400547360747,0.02730240328416448,True
1,AUC,0.7836198789250056,0.8143447475147461,-3.1850834457808395,0.00512785489864041,0.03076712939184246,True
2,AUC_UB,0.8444239946793223,0.8695432787829536,-3.077653511271046,0.00648867867009601,0.03893207202057606,True
3,Accuracy,0.7792727272727272,0.7996363636363636,-2.860221943349395,0.010400380044021497,0.06240228026412899,False
4,F1,0.4825796961355066,0.5443137051629204,-5.278324089575959,5.103324710129485e-05,0.00030619948260776907,True
5,MCC,0.4219942529415589,0.4857200421289405,-4.140934121525874,0.000613721158045947,0.003682326948275682,True
