,Metrics,Mean non AL,Mean AL,t-test stat,p-value,p_adj,is_significant
0,AUC_LB,0.633697798816536,0.652479159182006,-4.65885020177465,0.000195299866013,0.0015623989281,True
1,AUC,0.72210960960961,0.743507882882883,-5.72796903243927,1.97665185005799E-05,0.000158132148005,True
2,AUC_UB,0.810521420402683,0.835638790525762,-6.39867980579207,5.03315746070488E-06,4.0265259685639E-05,True
3,Accuracy,0.697282608695652,0.828167701863354,-25.2581086183292,1.65649696359205E-15,1.32519757087364E-14,True
4,F1,0.42878345415017,0.37799597899039,3.72044278420985,0.001565719238935,0.012525753911481,True
5,MCC,0.257601448093507,0.330052053079289,-4.76135247617342,0.000156028852187,0.001248230817494,True
6,F1_external,0.535982355787017,0.161300651300651,12.9332910028382,1.49749550181913E-10,1.19799640145531E-09,True
7,MCC_external,0.27427747979235,0.126984605977071,,,,False
