,Metrics,Mean non AL,Mean AL,t-test stat,p-value,p_adj,is_significant
0,AUC_LB,0.6336977988165364,0.6524791591820063,-4.658850201774645,0.00019529986601253614,0.0015623989281002891,True
1,AUC,0.7221096096096097,0.7435078828828827,-5.72796903243927,1.976651850057991e-05,0.0001581321480046393,True
2,AUC_UB,0.8105214204026827,0.8356387905257623,-6.398679805792071,5.033157460704878e-06,4.026525968563902e-05,True
3,Accuracy,0.6972826086956522,0.828167701863354,-25.258108618329217,1.656496963592046e-15,1.3251975708736368e-14,True
4,F1_test,0.4287834541501699,0.37799597899039,3.7204427842098458,0.0015657192389351695,0.012525753911481356,True
5,MCC_test,0.2576014480935072,0.3300520530792887,-4.761352476173421,0.000156028852186787,0.001248230817494296,True
6,F1_external,0.5359823557870174,0.1613006513006513,12.93329100283819,1.4974955018191342e-10,1.1979964014553073e-09,True
7,MCC_external,0.2742774797923501,0.12698460597707062,,,,False
