,Model name,Iteration,chi-squared,p-value
0,LGBM,0,48,0.4351144948923009
1,LGBM,1,61,1.0
2,LGBM,2,42,4.9152996908117234e-05
3,LGBM,3,38,0.002033169531309131
4,LGBM,4,19,0.1934126528619373
5,LGBM,5,49,0.33818541219666115
6,LGBM,6,61,0.9284921641248504
7,LGBM,7,48,0.007519595098399995
8,LGBM,8,50,0.06859363812061434
9,LGBM,9,47,0.0043308181150862966
