,Metrics,Mean non AL,Mean AL,t-test stat,p-value,p_adj,is_significant
0,AUC_LB,0.6973156186070044,0.7519981468004315,-5.606193563481392,2.549535464811003e-05,0.00015297212788866016,True
1,AUC,0.762249449675417,0.8092085720074534,-5.391616094037877,4.009610205090418e-05,0.0002405766123054251,True
2,AUC_UB,0.8271832807438294,0.8666897120052697,-5.092059421459157,7.610186141109356e-05,0.00045661116846656134,True
3,Accuracy,0.777007299270073,0.805839416058394,-3.9582549724314324,0.0009216702867494978,0.005530021720496987,True
4,F1,0.41893509835471987,0.531619423662265,-5.999661771356979,1.1277780634435214e-05,6.766668380661128e-05,True
5,MCC,0.369016049321513,0.4685420523005307,-4.826178006057541,0.00013543802394194046,0.0008126281436516428,True
